id,text
1,"The COVID-19 pandemic has had a significant impact on global economies."
2,"Artificial intelligence is transforming various industries, including healthcare and finance."
3,"Social media platforms play a crucial role in connecting people around the world."
4,"Renewable energy sources like solar and wind power are essential for a sustainable future."
5,"Cryptocurrencies such as Bitcoin have gained widespread attention and adoption."
6,"The rise of e-commerce has revolutionized the way people shop and conduct business."
7,"Self-driving cars have the potential to enhance road safety and reduce traffic congestion."
8,"Space exploration continues to unlock mysteries of the universe and expand human knowledge."
9,"The importance of mental health awareness and support is increasingly recognized."
10,"Advancements in robotics are reshaping manufacturing and automation processes."
11,"The entertainment industry constantly evolves with new technologies and digital platforms."
12,"Climate change poses significant challenges to ecosystems and biodiversity."
13,"Online learning has become increasingly popular, providing flexible education opportunities."
14,"The role of women in leadership positions is crucial for achieving gender equality."
15,"Data privacy and security have become major concerns in the digital age."
16,"The gig economy has transformed the traditional concept of work and employment."
17,"Advances in medical research have led to improved treatments and disease prevention."
18,"The role of social entrepreneurship in addressing social and environmental issues is vital."
19,"The globalization of markets has facilitated international trade and economic growth."
20,"Augmented reality and virtual reality technologies offer immersive and interactive experiences."
21,"Cybersecurity measures are crucial to protect against digital threats and cybercrime."
22,"The impact of social media influencers on consumer behavior is significant."
23,"Genetic engineering has the potential to revolutionize healthcare and agriculture."
24,"The importance of diversity and inclusion in organizations is widely acknowledged."
25,"Smart home technology enables automation and control of various household devices."
26,"The role of governments in addressing climate change is critical for sustainable development."
27,"Advancements in 3D printing have opened up new possibilities in manufacturing and design."
28,"The role of AI-powered chatbots is increasing in customer service and support."
29,"Biotechnology innovations have the potential to improve human health and quality of life."
30,"Digital currencies are challenging traditional financial systems and central banks."
31,"The ethical implications of AI development and deployment need careful consideration."
32,"Online streaming platforms have transformed the way people consume entertainment content."
33,"The need for renewable and clean energy sources is urgent to combat climate change."
34,"The influence of social media on political discourse and public opinion is significant."
35,"Automation and robotics have implications for the future of work and job opportunities."
36,"The Internet of Things (IoT) connects devices and enables seamless data exchange."
37,"The use of big data analytics has revolutionized decision-making processes in businesses."
38,"The role of education in fostering innovation and economic growth is paramount."
39,"Ethical considerations in gene editing and cloning technologies are subjects of debate."
40,"Smart cities leverage technology to enhance sustainability and improve quality of life."
41,"The impact of automation on job displacement requires reskilling and upskilling efforts."
42,"The role of social media in political mobilization and activism cannot be underestimated."
43,"Precision medicine tailors treatments to individual patients based on genetic profiles."
44,"The use of drones has expanded to various industries, including delivery and surveillance."
45,"Advancements in quantum computing hold promise for solving complex problems."
46,"The sharing economy has disrupted traditional industries such as transportation and hospitality."
47,"The role of AI in personalized marketing and recommendation systems is growing."
48,"The challenges of cybersecurity require continuous innovation and collaboration."
49,"The integration of renewable energy into existing infrastructure is a complex task."
50,"The responsible use of AI requires transparency, accountability, and ethical frameworks."
51,"The rise of remote work has transformed traditional office dynamics."
52,"The importance of mental well-being is being recognized in workplaces worldwide."
53,"Blockchain technology has the potential to revolutionize secure transactions."
54,"Advances in nanotechnology hold promise for various fields, including medicine."
55,"The role of AI in personalized healthcare and diagnostics is gaining momentum."
56,"Social media platforms are increasingly used as sources of news and information."
57,"The adoption of electric vehicles is crucial for reducing greenhouse gas emissions."
58,"Space tourism is becoming a reality with companies like Virgin Galactic and Blue Origin."
59,"The impact of social media on mental health and well-being is a subject of concern."
60,"The need for sustainable agriculture practices is essential to ensure food security."
61,"The rise of influencer marketing has changed the landscape of advertising and branding."
62,"Smartwatches and fitness trackers have transformed personal health monitoring."
63,"The use of biometrics, such as fingerprint and facial recognition, is becoming more common."
64,"The role of AI in detecting and preventing cyber threats is of utmost importance."
65,"The ethical implications of gene editing and CRISPR technology raise important debates."
66,"Renewable energy storage solutions, such as batteries, are advancing rapidly."
67,"The impact of social media on body image and self-esteem is a growing concern."
68,"The exploration of deep-sea ecosystems reveals fascinating biodiversity and resources."
69,"The integration of AI and robotics in healthcare shows potential for assisting medical professionals."
70,"The development of smart cities requires collaboration between governments and technology companies."
71,"Advancements in quantum cryptography aim to secure communication networks."
72,"The application of machine learning in financial services has improved fraud detection."
73,"The role of renewable energy in mitigating climate change is indispensable."
74,"The future of transportation lies in autonomous vehicles and smart mobility solutions."
75,"The use of virtual reality in therapy and rehabilitation is transforming healthcare practices."
76,"The responsible use of AI in decision-making should prioritize ethical considerations."
77,"The impact of climate change on biodiversity threatens ecosystems worldwide."
78,"The integration of AI in customer service chatbots is enhancing user experiences."
79,"The expansion of 5G networks enables faster connectivity and IoT capabilities."
80,"The role of data analytics in personalized marketing strategies is becoming crucial."
81,"The challenges of data privacy in the era of digital surveillance need robust solutions."
82,"The development of smart homes improves energy efficiency and convenience for residents."
83,"The use of drones in disaster management and relief efforts is gaining traction."
84,"The potential of biodegradable materials and sustainable packaging is being explored."
85,"The role of AI in content moderation and combating online misinformation is complex."
86,"Advancements in regenerative medicine offer hope for tissue engineering and organ transplantation."
87,"The impact of automation on job displacement necessitates a focus on reskilling and upskilling."
88,"The integration of AI in personal digital assistants enhances productivity and convenience."
89,"The need for accessible and inclusive design in technology is essential for diverse users."
90,"The challenges of data bias in AI algorithms require careful examination and mitigation."
91,"The role of robotics in eldercare and assistance for the elderly population is increasing."
92,"The ethical considerations of AI-powered autonomous weapons demand international agreements."
93,"Advancements in natural language processing enable more sophisticated chatbot interactions."
94,"The potential of 3D printing in construction opens up new possibilities in architecture."
95,"The impact of automation on the manufacturing industry calls for workforce adaptation."
96,"The use of AI in precision agriculture optimizes resource utilization and crop yields."
97,"The role of renewable energy in rural electrification contributes to sustainable development."
98,"The challenges of internet censorship and freedom of expression require ongoing dialogue."
99,"The development of brain-computer interfaces holds promise for assisting individuals with disabilities."
100,"The implications of AI-generated deepfakes on privacy and misinformation are significant."
101,"The use of robotics in surgical procedures has led to improved precision and outcomes."
102,"The ethical implications of autonomous vehicles raise questions about liability and decision-making."
103,"Advances in wearable technology are revolutionizing healthcare monitoring and fitness tracking."
104,"The impact of social media on political polarization and echo chambers is a subject of study."
105,"The need for cybersecurity professionals is growing as cyber threats become more sophisticated."
106,"The development of smart clothing integrates technology for enhanced comfort and functionality."
107,"The role of AI in personalized education and adaptive learning is transforming classrooms."
108,"The expansion of telemedicine provides accessible healthcare services to remote areas."
109,"The challenges of e-waste management require sustainable practices and recycling initiatives."
110,"The integration of AI in talent recruitment and hiring processes is streamlining HR practices."
111,"The role of renewable energy microgrids empowers communities with decentralized power generation."
112,"The use of biometrics in digital authentication improves security and user experience."
113,"Advancements in natural language generation enable automated content creation and writing."
114,"The potential of quantum sensors opens up new possibilities in scientific research and exploration."
115,"The impact of AI on creative industries challenges traditional notions of human creativity."
116,"The ethical considerations of facial recognition technology raise concerns about privacy and surveillance."
117,"Advances in neurotechnology enhance understanding of the brain and aid in medical treatments."
118,"The rise of digital nomads is reshaping the concept of work-life balance and remote work culture."
119,"The integration of AI in supply chain management optimizes logistics and inventory control."
120,"The impact of social media influencers on consumer behavior is transforming marketing strategies."
121,"Advancements in renewable energy storage technologies address intermittency challenges."
122,"The role of AI in predicting and managing natural disasters aids in early warning systems."
123,"The need for responsible AI governance and regulations becomes more apparent as technology advances."
124,"The integration of blockchain in supply chains enhances transparency and traceability."
125,"The potential of quantum computing in drug discovery accelerates the development of new medications."
126,"Advances in virtual reality training offer immersive and cost-effective learning experiences."
127,"The ethical implications of facial recognition technology raise concerns about bias and discrimination."
128,"The integration of AI in farming and agriculture improves crop yield and resource management."
129,"The role of renewable energy in reducing air pollution and combating climate change is crucial."
130,"The challenges of data privacy and consent in the era of big data require robust protection measures."
131,"The impact of automation on jobs necessitates reskilling and lifelong learning initiatives."
132,"Advancements in natural language understanding enable more sophisticated chatbot interactions."
133,"The potential of bioprinting technology in regenerative medicine holds promise for organ transplantation."
134,"The integration of AI in financial planning and investment strategies enhances decision-making."
135,"The role of renewable energy in disaster resilience and energy independence is gaining recognition."
136,"The challenges of AI bias and algorithmic fairness require continuous evaluation and improvement."
137,"Advances in quantum communication aim to secure information transmission against eavesdropping."
138,"The potential of 3D bioprinting in tissue engineering opens new avenues in medical research."
139,"The impact of automation on customer service calls for balancing efficiency and human touch."
140,"The integration of AI in smart grid systems improves energy distribution and grid stability."
141,"Advancements in computer vision enable applications in surveillance, object recognition, and AR/VR."
142,"The ethical considerations of AI-powered social credit systems require careful regulation."
143,"The potential of self-healing materials holds promise for increased durability and sustainability."
144,"The use of AI in drug discovery and personalized medicine accelerates medical breakthroughs."
145,"The impact of automation on the workforce calls for the development of new job opportunities."
146,"Advances in brain-computer interface technology aid in restoring mobility and communication."
147,"The role of renewable energy in achieving the UN Sustainable Development Goals is significant."
148,"The challenges of AI interpretability and explainability hinder widespread adoption in critical domains."
149,"The integration of AI in retail enhances personalized shopping experiences and inventory management."
150,"The potential of 3D printing in space exploration enables on-demand manufacturing of tools and parts."
151,"Advancements in autonomous drones revolutionize industries such as agriculture, delivery, and inspections."
152,"The ethical implications of AI-powered facial recognition in law enforcement raise concerns about privacy."
153,"The impact of automation on traditional manufacturing processes requires workforce upskilling."
154,"The role of renewable energy in reducing reliance on fossil fuels and mitigating climate change is vital."
155,"Advances in natural language processing enable chatbots to provide more accurate and human-like responses."
156,"The potential of genetic engineering in agriculture offers opportunities for increased crop resilience and yield."
157,"The integration of AI in the financial industry improves fraud detection and personalized financial advice."
158,"The challenges of data ethics and responsible AI involve balancing innovation with societal well-being."
159,"The use of drones in environmental conservation aids in wildlife monitoring and ecosystem management."
160,"The impact of automation on the transportation industry calls for the development of autonomous vehicles and smart infrastructure."
161,"Advancements in bioinformatics enable faster and more accurate analysis of genetic data for personalized medicine."
162,"The role of renewable energy in rural electrification promotes sustainable development and economic empowerment."
163,"The challenges of AI transparency and accountability require mechanisms for auditing and mitigating bias."
164,"The integration of AI in logistics and supply chain management optimizes routing, inventory management, and delivery processes."
165,"The potential of nanomedicine in targeted drug delivery and cancer treatment offers new avenues for medical advancements."
166,"Advances in emotion AI enable machines to understand and respond to human emotions, enhancing user experiences."
167,"The ethical implications of AI in autonomous weapons raise concerns about the future of warfare and international security."
168,"The impact of automation on the retail industry transforms customer experiences, inventory management, and checkout processes."
169,"The role of renewable energy in off-grid electrification provides clean energy access to remote and underserved communities."
170,"Advancements in quantum simulation offer insights into complex phenomena and accelerate scientific discoveries in various fields."
171,"The integration of AI in smart homes and IoT devices enhances convenience, energy efficiency, and security for homeowners."
172,"The challenges of AI governance and policy-making involve addressing ethical concerns, data privacy, and societal impact."
173,"The potential of 3D printing in healthcare revolutionizes patient-specific medical devices, prosthetics, and organ models."
174,"The impact of automation on customer experience spans industries such as hospitality, retail, and call centers, transforming service delivery."
175,"Advances in brain-machine interfaces enable direct communication between the brain and external devices, enhancing assistive technologies."
176,"The role of renewable energy in decentralized power generation contributes to energy independence and community resilience."
177,"The challenges of AI explainability and interpretability hinder trust and adoption in critical applications, such as healthcare and finance."
178,"The integration of AI in transportation systems improves traffic management, autonomous vehicles, and intelligent infrastructure."
179,"The potential of precision agriculture and IoT sensors enables data-driven farming practices, optimizing resource use and crop yield."
180,"Advancements in quantum materials unlock new possibilities in energy storage, computing, and electronic devices."
181,"The ethical implications of AI in facial recognition technology raise concerns about surveillance, privacy, and social implications."
182,"The impact of automation on the hospitality industry redefines guest experiences, service delivery, and hotel operations."
183,"The role of renewable energy in industrial processes and manufacturing reduces carbon emissions and promotes sustainability."
184,"Advances in robotic exoskeletons aid in rehabilitation, physical therapy, and mobility support for individuals with disabilities."
185,"The integration of AI in education transforms teaching and learning experiences, personalizing instruction and improving outcomes."
186,"The challenges of data security and privacy in the era of interconnected devices necessitate robust cybersecurity measures and protocols."
187,"The potential of 3D printing in aerospace and aviation revolutionizes manufacturing, prototyping, and lightweight component production."
188,"The impact of automation on the banking sector includes digital banking services, chatbots, and automated fraud detection systems."
189,"Advancements in virtual reality gaming offer immersive and realistic experiences, blurring the line between virtual and real worlds."
190,"The role of renewable energy in water desalination provides sustainable solutions to water scarcity challenges in coastal regions."
191,"The challenges of AI-generated deepfakes and synthetic media require advanced detection and authentication techniques."
192,"The integration of AI in human resources streamlines recruitment, candidate screening, and employee performance evaluation."
193,"The potential of nanotechnology in electronics leads to smaller, faster, and more efficient devices and components."
194,"Advances in augmented reality applications transform industries such as architecture, engineering, and interior design."
195,"The ethical implications of AI in decision-making processes raise concerns about bias, accountability, and social impact."
196,"The impact of automation on the healthcare industry includes telemedicine, robotic surgeries, and AI-powered diagnostics."
197,"The role of renewable energy in smart cities contributes to sustainable urban development and carbon neutrality goals."
198,"Advancements in quantum machine learning algorithms enhance pattern recognition, optimization, and data analysis capabilities."
199,"The integration of AI in legal services automates document review, contract analysis, and legal research, improving efficiency."
200,"The challenges of AI in autonomous systems involve ensuring safety, reliability, and ethical decision-making capabilities."
201,"The potential of blockchain in healthcare secures medical data and enables interoperability."
202,"Advancements in robotic process automation streamline repetitive tasks and enhance productivity."
203,"The role of renewable energy in developing sustainable transportation systems is crucial."
204,"The challenges of data governance and data quality management impact decision-making processes."
205,"The integration of AI in cybersecurity improves threat detection and enhances network security."
206,"The potential of 3D printing in fashion revolutionizes customization and sustainable garment production."
207,"Advances in neuroengineering enable the restoration of sensory functions for individuals with disabilities."
208,"The impact of automation on the gig economy transforms traditional employment structures."
209,"The role of renewable energy in microgrids empowers communities with decentralized energy solutions."
210,"Advancements in emotion recognition technology enable machines to understand human emotions better."
211,"The ethical implications of AI in autonomous vehicles raise questions about safety and liability."
212,"The use of drones in agriculture improves crop monitoring, precision farming, and yield optimization."
213,"The potential of quantum cryptography ensures secure communication in the era of quantum computing."
214,"The integration of AI in music composition and production opens new creative possibilities."
215,"The challenges of data integration and data harmonization hinder effective data analysis."
216,"The impact of automation on the retail supply chain transforms inventory management and logistics."
217,"The role of renewable energy in sustainable building design reduces carbon footprint and energy consumption."
218,"Advances in natural language understanding enable more accurate voice assistants and chatbots."
219,"The potential of 3D bioprinting in tissue engineering revolutionizes regenerative medicine practices."
220,"The use of AI in wildlife conservation aids in species monitoring and combating poaching."
221,"Advancements in quantum computing algorithms accelerate complex calculations and simulations."
222,"The ethical considerations of AI in social credit systems raise concerns about privacy and surveillance."
223,"The impact of automation on the legal industry transforms document review and contract analysis."
224,"The role of renewable energy in developing off-grid solutions promotes energy access in remote areas."
225,"Advances in facial recognition technology improve security systems and identity verification processes."
226,"The potential of AI in weather forecasting enhances accuracy and enables early disaster preparedness."
227,"The integration of robotics in logistics and warehousing optimizes order fulfillment and inventory management."
228,"The challenges of bias in AI algorithms require diverse and inclusive training datasets."
229,"The use of AI in personalized entertainment recommendations enhances user experiences and engagement."
230,"The impact of automation on the hospitality sector includes robotic concierges and automated check-in systems."
231,"The role of renewable energy in water conservation promotes sustainable water management practices."
232,"Advancements in virtual reality therapy offer immersive and effective treatments for mental health disorders."
233,"The potential of blockchain in supply chain transparency improves traceability and reduces counterfeiting."
234,"The integration of AI in transportation infrastructure enhances traffic management and reduces congestion."
235,"The challenges of data privacy in the era of IoT demand robust security measures and encryption protocols."
236,"The use of AI in drug repurposing accelerates the discovery of new treatments for existing diseases."
237,"The impact of automation on the insurance industry streamlines claims processing and risk assessment."
238,"The role of renewable energy in powering electric vehicles contributes to sustainable transportation solutions."
239,"Advances in natural language generation enable automated report writing and content creation."
240,"The potential of quantum sensing technology enhances precision measurements and environmental monitoring."
241,"The integration of AI in sports analytics improves performance analysis and player insights."
242,"The challenges of bias in facial recognition technology require improved accuracy and fairness."
243,"The use of AI in predictive maintenance optimizes asset management and reduces downtime."
244,"The impact of automation on the construction industry includes robotic bricklayers and autonomous vehicles."
245,"The role of renewable energy in circular economy models promotes resource efficiency and waste reduction."
246,"Advancements in emotion AI enable sentiment analysis in customer feedback and market research."
247,"The potential of 3D printing in the aerospace industry revolutionizes manufacturing and prototyping."
248,"The integration of AI in energy grid management optimizes power distribution and renewable integration."
249,"The challenges of data storage and scalability drive advancements in cloud computing and edge computing."
250,"The use of AI in genome sequencing accelerates precision medicine and personalized treatment plans."
251,"The impact of automation on the entertainment industry includes AI-generated content and virtual influencers."
252,"The role of renewable energy in sustainable tourism reduces the environmental footprint of travel."
253,"Advances in natural language processing enable multilingual translation and sentiment analysis."
254,"The potential of blockchain in supply chain finance improves transparency and reduces fraud."
255,"The integration of AI in asset management enhances investment strategies and portfolio optimization."
256,"The challenges of interpretability in deep learning algorithms require transparent decision-making processes."
257,"The use of AI in traffic management improves congestion prediction and adaptive signal control."
258,"The impact of automation on the healthcare supply chain optimizes inventory management and drug tracking."
259,"The role of renewable energy in disaster recovery facilitates resilient and sustainable rebuilding efforts."
260,"Advancements in computer vision enable object recognition, augmented reality, and autonomous systems."
261,"The potential of AI in space exploration aids in data analysis, navigation, and planetary research."
262,"The integration of robotics in elderly care enhances caregiving and improves the quality of life for seniors."
263,"The challenges of bias in AI-generated content call for responsible content moderation and oversight."
264,"The use of AI in urban planning improves efficiency, sustainability, and livability of cities."
265,"The impact of automation on the agricultural workforce transforms farming practices and labor requirements."
266,"The role of renewable energy in reducing carbon emissions supports global climate change mitigation efforts."
267,"Advances in natural language understanding enable chatbots to provide more accurate and personalized responses."
268,"The potential of 3D printing in the automotive industry revolutionizes prototyping and spare part manufacturing."
269,"The integration of AI in customer relationship management enhances personalized marketing and customer experiences."
270,"The challenges of bias in recommendation algorithms raise concerns about filter bubbles and echo chambers."
271,"The use of AI in financial fraud detection improves risk assessment and safeguards against fraudulent activities."
272,"The impact of automation on the shipping industry includes autonomous vessels and smart port operations."
273,"The role of renewable energy in rural development fosters economic growth and improves living conditions."
274,"Advancements in voice recognition technology enable voice-controlled virtual assistants and smart home systems."
275,"The potential of AI in archaeology aids in data analysis, artifact identification, and site reconstruction."
276,"The integration of robotics in education enhances STEM learning and supports inclusive educational practices."
277,"The challenges of data anonymization and privacy preservation demand innovative privacy-enhancing techniques."
278,"The use of AI in mental health diagnosis and therapy improves accessibility and personalized treatment."
279,"The impact of automation on warehouse operations includes autonomous robots and automated picking systems."
280,"The role of renewable energy in reducing energy poverty ensures access to affordable and clean electricity."